{
  "version": 1,
  "author": "Shashwat Shukla",
  "editor": "wokwi",
  "parts": [
    { "type": "wokwi-arduino-uno", "id": "uno", "top": 96.6, "left": 28.2, "attrs": {} },
    {
      "type": "wokwi-max7219-matrix",
      "id": "matrix1",
      "top": -18.6,
      "left": -107.76,
      "attrs": { "chain": "4" }
    }
  ],
  "connections": [
    [ "uno:5V", "matrix1:V+", "red", [ "v38.3", "h176.6", "v-326.4" ] ],
    [ "matrix1:GND", "uno:GND.2", "black", [ "h19.2", "v307.2", "h-153.6" ] ],
    [ "matrix1:DIN", "uno:11", "green", [ "h9.6", "v67.2", "h-172.8" ] ],
    [ "uno:10", "matrix1:CS", "blue", [ "v-28.8", "h154.3", "v-9.6" ] ],
    [ "matrix1:CLK", "uno:13", "gray", [ "h0", "v19.2", "h-76.8" ] ]
  ],
  "dependencies": {}
}