{
  "version": 1,
  "author": "Shashwat Shukla",
  "editor": "wokwi",
  "parts": [
    { "type": "wokwi-arduino-uno", "id": "uno", "top": 58.2, "left": 18.6, "attrs": {} },
    {
      "type": "wokwi-max7219-matrix",
      "id": "matrix1",
      "top": -76.2,
      "left": -21.36,
      "attrs": { "chain": "4" }
    }
  ],
  "connections": [
    [ "matrix1:V+", "uno:5V", "red", [ "h105.6", "v336", "h-249.6" ] ],
    [ "matrix1:GND", "uno:GND.2", "black", [ "h96", "v316.8", "h-230.4" ] ],
    [ "matrix1:DIN", "uno:11", "green", [ "h76.8", "v38.4", "h-230.4", "v19.2" ] ],
    [ "matrix1:CS", "uno:10", "blue", [ "h48", "v38.4", "h-192", "v9.6" ] ],
    [ "matrix1:CLK", "uno:13", "violet", [ "h19.2", "v48", "h-192" ] ]
  ],
  "dependencies": {}
}